UNDERLYING                          ,SYMBOL    ,MAR-17     ,APR-17     ,MAY-17     ,JUN-17     ,SEP-17     ,DEC-17     ,FEB-17     ,JUN-18     ,DEC-18     ,JUN-19     ,DEC-19     ,JUN-20     ,DEC-20     ,JUN-21     ,DEC-21     
NIFTY BANK                          ,BANKNIFTY ,40         ,40         ,40         ,           ,           ,           ,           ,           ,           ,           ,           ,           ,           ,           ,           
NIFTY IT                            ,NIFTYIT   ,50         ,50         ,50         ,           ,           ,           ,           ,           ,           ,           ,           ,           ,           ,           ,           
NIFTY 50                            ,NIFTY     ,75         ,75         ,75         ,75         ,75         ,75         ,           ,75         ,75         ,75         ,75         ,75         ,75         ,75         ,75         
S&P 500                             ,S&P500    ,250        ,250        ,250        ,250        ,250        ,250        ,           ,           ,           ,           ,           ,           ,           ,           ,           
DOW JONES INDUSTRIAL AVG            ,DJIA      ,30         ,30         ,30         ,30         ,30         ,30         ,           ,           ,           ,           ,           ,           ,           ,           ,           
FTSE 100 INDEX                      ,FTSE100   ,100        ,100        ,100        ,100        ,100        ,100        ,           ,           ,           ,           ,           ,           ,           ,           ,           
NIFTY CPSE                          ,NIFTYCPSE ,250        ,250        ,250        ,           ,           ,           ,           ,           ,           ,           ,           ,           ,           ,           ,           
NIFTY MIDCAP 50                     ,NIFTYMID50,200        ,200        ,200        ,           ,           ,           ,           ,           ,           ,           ,           ,           ,           ,           ,           
NIFTY INFRASTRUCTURE                ,NIFTYINFRA,225        ,225        ,225        ,           ,           ,           ,           ,           ,           ,           ,           ,           ,           ,           ,           
NIFTY PSE                           ,NIFTYPSE  ,200        ,200        ,200        ,           ,           ,           ,           ,           ,           ,           ,           ,           ,           ,           ,           
INDIA VOLATILITY INDEX              ,INDIAVIX  ,700        ,           ,           ,           ,           ,           ,700        ,           ,           ,           ,           ,           ,           ,           ,           
Derivatives on Individual Securities,Symbol    ,MAR-17     ,APR-17     ,MAY-17     ,           ,           ,           ,           ,           ,           ,           ,           ,           ,           ,           ,           
ADITYA BIRLA NUVO LIMITED           ,ABIRLANUVO,400        ,400        ,400        ,           ,           ,           ,           ,           ,           ,           ,           ,           ,           ,           ,           
ACC LIMITED                         ,ACC       ,400        ,400        ,400        ,           ,           ,           ,           ,           ,           ,           ,           ,           ,           ,           ,           
ADANI ENTERPRISES LIMITED           ,ADANIENT  ,8000       ,8000       ,8000       ,           ,           ,           ,           ,           ,           ,           ,           ,           ,           ,           ,           
ADANI PORT & SEZ LTD                ,ADANIPORTS,2500       ,2500       ,2500       ,           ,           ,           ,           ,           ,           ,           ,           ,           ,           ,           ,           
AJANTA PHARMA LIMITED               ,AJANTPHARM,400        ,400        ,400        ,           ,           ,           ,           ,           ,           ,           ,           ,           ,           ,           ,           
APOLLO HOSPITALS ENTER. L           ,APOLLOHOSP,400        ,400        ,400        ,           ,           ,           ,           ,           ,           ,           ,           ,           ,           ,           ,           
ARVIND LIMITED                      ,ARVIND    ,2000       ,2000       ,2000       ,           ,           ,           ,           ,           ,           ,           ,           ,           ,           ,           ,           
ASIAN PAINTS LIMITED                ,ASIANPAINT,600        ,600        ,600        ,           ,           ,           ,           ,           ,           ,           ,           ,           ,           ,           ,           
AUROBINDO PHARMA LTD                ,AUROPHARMA,700        ,700        ,700        ,           ,           ,           ,           ,           ,           ,           ,           ,           ,           ,           ,           
AXIS BANK LIMITED                   ,AXISBANK  ,1200       ,1200       ,1200       ,           ,           ,           ,           ,           ,           ,           ,           ,           ,           ,           ,           
BANK OF BARODA                      ,BANKBARODA,3500       ,3500       ,3500       ,           ,           ,           ,           ,           ,           ,           ,           ,           ,           ,           ,           
BHARAT ELECTRONICS LTD              ,BEL       ,450        ,450        ,450        ,           ,           ,           ,           ,           ,           ,           ,           ,           ,           ,           ,           
BEML LIMITED                        ,BEML      ,600        ,600        ,600        ,           ,           ,           ,           ,           ,           ,           ,           ,           ,           ,           ,           
BHARAT FIN INCLUSION LTD            ,BHARATFIN ,1000       ,1000       ,1000       ,           ,           ,           ,           ,           ,           ,           ,           ,           ,           ,           ,           
BHARTI AIRTEL LIMITED               ,BHARTIARTL,1700       ,1700       ,1700       ,           ,           ,           ,           ,           ,           ,           ,           ,           ,           ,           ,           
BOSCH LIMITED                       ,BOSCHLTD  ,25         ,25         ,25         ,           ,           ,           ,           ,           ,           ,           ,           ,           ,           ,           ,           
ADANI POWER LTD                     ,ADANIPOWER,20000      ,20000      ,20000      ,           ,           ,           ,           ,           ,           ,           ,           ,           ,           ,           ,           
AMARA RAJA BATTERIES LTD.           ,AMARAJABAT,600        ,600        ,600        ,           ,           ,           ,           ,           ,           ,           ,           ,           ,           ,           ,           
CADILA HEALTHCARE LIMITED           ,CADILAHC  ,1600       ,1600       ,1600       ,           ,           ,           ,           ,           ,           ,           ,           ,           ,           ,           ,           
CONTAINER CORP OF IND LTD           ,CONCOR    ,500        ,500        ,500        ,           ,           ,           ,           ,           ,           ,           ,           ,           ,           ,           ,           
CROMPTON GREAVES LTD                ,CROMPGREAV,12000      ,12000      ,12000      ,           ,           ,           ,           ,           ,           ,           ,           ,           ,           ,           ,           
CUMMINS INDIA LTD                   ,CUMMINSIND,600        ,600        ,600        ,           ,           ,           ,           ,           ,           ,           ,           ,           ,           ,           ,           
DABUR INDIA LTD                     ,DABUR     ,2500       ,2500       ,2500       ,           ,           ,           ,           ,           ,           ,           ,           ,           ,           ,           ,           
DEWAN HOUSING FIN CORP LT           ,DHFL      ,3000       ,3000       ,3000       ,           ,           ,           ,           ,           ,           ,           ,           ,           ,           ,           ,           
DISH TV INDIA LTD.                  ,DISHTV    ,7000       ,7000       ,7000       ,           ,           ,           ,           ,           ,           ,           ,           ,           ,           ,           ,           
EICHER MOTORS LTD                   ,EICHERMOT ,25         ,25         ,25         ,           ,           ,           ,           ,           ,           ,           ,           ,           ,           ,           ,           
ENGINEERS INDIA LTD                 ,ENGINERSIN,7000       ,7000       ,7000       ,           ,           ,           ,           ,           ,           ,           ,           ,           ,           ,           ,           
AMBUJA CEMENTS LTD                  ,AMBUJACEM ,2500       ,2500       ,2500       ,           ,           ,           ,           ,           ,           ,           ,           ,           ,           ,           ,           
GAIL (INDIA) LTD                    ,GAIL      ,1500       ,1500       ,1500       ,           ,           ,           ,           ,           ,           ,           ,           ,           ,           ,           ,           
GRANULES INDIA LIMITED              ,GRANULES  ,5000       ,5000       ,5000       ,           ,           ,           ,           ,           ,           ,           ,           ,           ,           ,           ,           
ASHOK LEYLAND LTD                   ,ASHOKLEY  ,7000       ,7000       ,7000       ,           ,           ,           ,           ,           ,           ,           ,           ,           ,           ,           ,           
GRASIM INDUSTRIES LTD               ,GRASIM    ,750        ,750        ,750        ,           ,           ,           ,           ,           ,           ,           ,           ,           ,           ,           ,           
HAVELLS INDIA LIMITED               ,HAVELLS   ,2000       ,2000       ,2000       ,           ,           ,           ,           ,           ,           ,           ,           ,           ,           ,           ,           
HOUSING DEV & INFRA LTD             ,HDIL      ,8000       ,8000       ,8000       ,           ,           ,           ,           ,           ,           ,           ,           ,           ,           ,           ,           
HINDUSTAN PETROLEUM CORP            ,HINDPETRO ,2100       ,2100       ,2100       ,           ,           ,           ,           ,           ,           ,           ,           ,           ,           ,           ,           
BHARAT FORGE LTD                    ,BHARATFORG,600        ,600        ,600        ,           ,           ,           ,           ,           ,           ,           ,           ,           ,           ,           ,           
HINDUSTAN UNILEVER LTD.             ,HINDUNILVR,600        ,600        ,600        ,           ,           ,           ,           ,           ,           ,           ,           ,           ,           ,           ,           
INDIABULLS HSG FIN LTD              ,IBULHSGFIN,800        ,800        ,800        ,           ,           ,           ,           ,           ,           ,           ,           ,           ,           ,           ,           
BHEL                                ,BHEL      ,5000       ,5000       ,5000       ,           ,           ,           ,           ,           ,           ,           ,           ,           ,           ,           ,           
ICICI BANK LTD.                     ,ICICIBANK ,2500       ,2500       ,2500       ,           ,           ,           ,           ,           ,           ,           ,           ,           ,           ,           ,           
IDEA CELLULAR LIMITED               ,IDEA      ,7000       ,7000       ,7000       ,           ,           ,           ,           ,           ,           ,           ,           ,           ,           ,           ,           
BHARAT PETROLEUM CORP  LT           ,BPCL      ,1200       ,1200       ,1200       ,           ,           ,           ,           ,           ,           ,           ,           ,           ,           ,           ,           
INDRAPRASTHA GAS LTD                ,IGL       ,1100       ,1100       ,1100       ,           ,           ,           ,           ,           ,           ,           ,           ,           ,           ,           ,           
INFOSYS LIMITED                     ,INFY      ,500        ,500        ,500        ,           ,           ,           ,           ,           ,           ,           ,           ,           ,           ,           ,           
BRITANNIA INDUSTRIES LTD            ,BRITANNIA ,200        ,200        ,200        ,           ,           ,           ,           ,           ,           ,           ,           ,           ,           ,           ,           
COAL INDIA LTD                      ,COALINDIA ,1700       ,1700       ,1700       ,           ,           ,           ,           ,           ,           ,           ,           ,           ,           ,           ,           
COLGATE PALMOLIVE LTD.              ,COLPAL    ,700        ,700        ,700        ,           ,           ,           ,           ,           ,           ,           ,           ,           ,           ,           ,           
INDIAN OIL CORP LTD                 ,IOC       ,3000       ,3000       ,3000       ,           ,           ,           ,           ,           ,           ,           ,           ,           ,           ,           ,           
IRB INFRA DEV LTD.                  ,IRB       ,2500       ,2500       ,2500       ,           ,           ,           ,           ,           ,           ,           ,           ,           ,           ,           ,           
ITC LTD                             ,ITC       ,2400       ,2400       ,2400       ,           ,           ,           ,           ,           ,           ,           ,           ,           ,           ,           ,           
JAIN IRRIGATION SYSTEMS             ,JISLJALEQS,9000       ,9000       ,9000       ,           ,           ,           ,           ,           ,           ,           ,           ,           ,           ,           ,           
JSW STEEL LIMITED                   ,JSWSTEEL  ,3000       ,3000       ,3000       ,           ,           ,           ,           ,           ,           ,           ,           ,           ,           ,           ,           
DIVI'S LABORATORIES LTD             ,DIVISLAB  ,600        ,600        ,600        ,           ,           ,           ,           ,           ,           ,           ,           ,           ,           ,           ,           
JUBILANT FOODWORKS LTD              ,JUBLFOOD  ,500        ,500        ,500        ,           ,           ,           ,           ,           ,           ,           ,           ,           ,           ,           ,           
JUSTDIAL LTD.                       ,JUSTDIAL  ,1200       ,1200       ,1200       ,           ,           ,           ,           ,           ,           ,           ,           ,           ,           ,           ,           
KOTAK MAHINDRA BANK LTD             ,KOTAKBANK ,800        ,800        ,800        ,           ,           ,           ,           ,           ,           ,           ,           ,           ,           ,           ,           
KARNATAKA BANK LIMITED              ,KTKBANK   ,7375       ,7375       ,7375       ,           ,           ,           ,           ,           ,           ,           ,           ,           ,           ,           ,           
L&T FINANCE HOLDINGS LTD            ,L&TFH     ,9000       ,9000       ,9000       ,           ,           ,           ,           ,           ,           ,           ,           ,           ,           ,           ,           
LUPIN LIMITED                       ,LUPIN     ,400        ,400        ,400        ,           ,           ,           ,           ,           ,           ,           ,           ,           ,           ,           ,           
FEDERAL BANK LTD                    ,FEDERALBNK,11000      ,11000      ,11000      ,           ,           ,           ,           ,           ,           ,           ,           ,           ,           ,           ,           
GLENMARK PHARMACEUTICALS            ,GLENMARK  ,700        ,700        ,700        ,           ,           ,           ,           ,           ,           ,           ,           ,           ,           ,           ,           
HDFC LTD                            ,HDFC      ,500        ,500        ,500        ,           ,           ,           ,           ,           ,           ,           ,           ,           ,           ,           ,           
HERO MOTOCORP LIMITED               ,HEROMOTOCO,200        ,200        ,200        ,           ,           ,           ,           ,           ,           ,           ,           ,           ,           ,           ,           
HEXAWARE TECHNOLOGIES LTD           ,HEXAWARE  ,3000       ,3000       ,3000       ,           ,           ,           ,           ,           ,           ,           ,           ,           ,           ,           ,           
MARICO LIMITED                      ,MARICO    ,2600       ,2600       ,2600       ,           ,           ,           ,           ,           ,           ,           ,           ,           ,           ,           ,           
INDO COUNT INDUSTRIES LTD           ,ICIL      ,3500       ,3500       ,3500       ,           ,           ,           ,           ,           ,           ,           ,           ,           ,           ,           ,           
UNITED SPIRITS LIMITED              ,MCDOWELL-N,250        ,250        ,250        ,           ,           ,           ,           ,           ,           ,           ,           ,           ,           ,           ,           
NTPC LTD                            ,NTPC      ,4000       ,4000       ,4000       ,           ,           ,           ,           ,           ,           ,           ,           ,           ,           ,           ,           
ORACLE FIN SERV SOFT LTD.           ,OFSS      ,150        ,150        ,150        ,           ,           ,           ,           ,           ,           ,           ,           ,           ,           ,           ,           
IDFC LIMITED                        ,IDFC      ,13200      ,13200      ,13200      ,           ,           ,           ,           ,           ,           ,           ,           ,           ,           ,           ,           
IDFC BANK LIMITED                   ,IDFCBANK  ,8000       ,8000       ,8000       ,           ,           ,           ,           ,           ,           ,           ,           ,           ,           ,           ,           
IFCI LTD                            ,IFCI      ,22000      ,22000      ,22000      ,           ,           ,           ,           ,           ,           ,           ,           ,           ,           ,           ,           
JINDAL STEEL & POWER LTD            ,JINDALSTEL,9000       ,9000       ,9000       ,           ,           ,           ,           ,           ,           ,           ,           ,           ,           ,           ,           
OIL INDIA LTD                       ,OIL       ,2266       ,2266       ,2266       ,           ,           ,           ,           ,           ,           ,           ,           ,           ,           ,           ,           
PAGE INDUSTRIES LTD                 ,PAGEIND   ,50         ,50         ,50         ,           ,           ,           ,           ,           ,           ,           ,           ,           ,           ,           ,           
JSW ENERGY LIMITED                  ,JSWENERGY ,8000       ,8000       ,8000       ,           ,           ,           ,           ,           ,           ,           ,           ,           ,           ,           ,           
POWER GRID CORP. LTD.               ,POWERGRID ,4000       ,4000       ,4000       ,           ,           ,           ,           ,           ,           ,           ,           ,           ,           ,           ,           
RELIANCE COMMUNICATIONS L           ,RCOM      ,12000      ,12000      ,12000      ,           ,           ,           ,           ,           ,           ,           ,           ,           ,           ,           ,           
RELIANCE CAPITAL LTD                ,RELCAPITAL,1500       ,1500       ,1500       ,           ,           ,           ,           ,           ,           ,           ,           ,           ,           ,           ,           
KAVERI SEED CO. LTD.                ,KSCL      ,1500       ,1500       ,1500       ,           ,           ,           ,           ,           ,           ,           ,           ,           ,           ,           ,           
LIC HOUSING FINANCE LTD             ,LICHSGFIN ,1100       ,1100       ,1100       ,           ,           ,           ,           ,           ,           ,           ,           ,           ,           ,           ,           
RELIANCE INDUSTRIES LTD             ,RELIANCE  ,500        ,500        ,500        ,           ,           ,           ,           ,           ,           ,           ,           ,           ,           ,           ,           
MAHINDRA & MAHINDRA LTD             ,M&M       ,500        ,500        ,500        ,           ,           ,           ,           ,           ,           ,           ,           ,           ,           ,           ,           
M&M FIN. SERVICES LTD               ,M&MFIN    ,2500       ,2500       ,2500       ,           ,           ,           ,           ,           ,           ,           ,           ,           ,           ,           ,           
SIEMENS LTD                         ,SIEMENS   ,500        ,500        ,500        ,           ,           ,           ,           ,           ,           ,           ,           ,           ,           ,           ,           
MARUTI SUZUKI INDIA LTD.            ,MARUTI    ,150        ,150        ,150        ,           ,           ,           ,           ,           ,           ,           ,           ,           ,           ,           ,           
SINTEX INDUSTRIES LTD               ,SINTEX    ,7125       ,7125       ,7125       ,           ,           ,           ,           ,           ,           ,           ,           ,           ,           ,           ,           
MINDTREE LIMITED                    ,MINDTREE  ,1200       ,1200       ,1200       ,           ,           ,           ,           ,           ,           ,           ,           ,           ,           ,           ,           
SUN PHARMACEUTICALS IND.            ,SUNPHARMA ,700        ,700        ,700        ,           ,           ,           ,           ,           ,           ,           ,           ,           ,           ,           ,           
MOTHERSON SUMI SYSTEMS LT           ,MOTHERSUMI,2500       ,2500       ,2500       ,           ,           ,           ,           ,           ,           ,           ,           ,           ,           ,           ,           
SUN TV NETWORK LIMITED              ,SUNTV     ,2000       ,2000       ,2000       ,           ,           ,           ,           ,           ,           ,           ,           ,           ,           ,           ,           
MRF LTD                             ,MRF       ,15         ,15         ,15         ,           ,           ,           ,           ,           ,           ,           ,           ,           ,           ,           ,           
TECH MAHINDRA LIMITED               ,TECHM     ,1100       ,1100       ,1100       ,           ,           ,           ,           ,           ,           ,           ,           ,           ,           ,           ,           
TITAN COMPANY LIMITED               ,TITAN     ,1500       ,1500       ,1500       ,           ,           ,           ,           ,           ,           ,           ,           ,           ,           ,           ,           
ULTRATECH CEMENT LIMITED            ,ULTRACEMCO,200        ,200        ,200        ,           ,           ,           ,           ,           ,           ,           ,           ,           ,           ,           ,           
UNION BANK OF INDIA                 ,UNIONBANK ,4000       ,4000       ,4000       ,           ,           ,           ,           ,           ,           ,           ,           ,           ,           ,           ,           
WOCKHARDT LIMITED                   ,WOCKPHARMA,600        ,600        ,600        ,           ,           ,           ,           ,           ,           ,           ,           ,           ,           ,           ,           
NCC LIMITED                         ,NCC       ,8000       ,8000       ,8000       ,           ,           ,           ,           ,           ,           ,           ,           ,           ,           ,           ,           
ZEE ENTERTAINMENT ENT LTD           ,ZEEL      ,1300       ,1300       ,1300       ,           ,           ,           ,           ,           ,           ,           ,           ,           ,           ,           ,           
NHPC LTD                            ,NHPC      ,27000      ,27000      ,27000      ,           ,           ,           ,           ,           ,           ,           ,           ,           ,           ,           ,           
BAJAJ AUTO LIMITED                  ,BAJAJ-AUTO,250        ,250        ,250        ,           ,           ,           ,           ,           ,           ,           ,           ,           ,           ,           ,           
BIOCON LIMITED.                     ,BIOCON    ,600        ,600        ,600        ,           ,           ,           ,           ,           ,           ,           ,           ,           ,           ,           ,           
NIIT TECHNOLOGIES LTD               ,NIITTECH  ,1500       ,1500       ,1500       ,           ,           ,           ,           ,           ,           ,           ,           ,           ,           ,           ,           
ORIENTAL BANK OF COMMERCE           ,ORIENTBANK,6000       ,6000       ,6000       ,           ,           ,           ,           ,           ,           ,           ,           ,           ,           ,           ,           
CAIRN INDIA LIMITED                 ,CAIRN     ,3500       ,3500       ,3500       ,           ,           ,           ,           ,           ,           ,           ,           ,           ,           ,           ,           
CASTROL INDIA LIMITED               ,CASTROLIND,1400       ,1400       ,1400       ,           ,           ,           ,           ,           ,           ,           ,           ,           ,           ,           ,           
PETRONET LNG LIMITED                ,PETRONET  ,1500       ,1500       ,1500       ,           ,           ,           ,           ,           ,           ,           ,           ,           ,           ,           ,           
PTC INDIA LIMITED                   ,PTC       ,8000       ,8000       ,8000       ,           ,           ,           ,           ,           ,           ,           ,           ,           ,           ,           ,           
CEAT LIMITED                        ,CEATLTD   ,700        ,700        ,700        ,           ,           ,           ,           ,           ,           ,           ,           ,           ,           ,           ,           
RURAL ELEC CORP. LTD.               ,RECLTD    ,6000       ,6000       ,6000       ,           ,           ,           ,           ,           ,           ,           ,           ,           ,           ,           ,           
STATE BANK OF INDIA                 ,SBIN      ,3000       ,3000       ,3000       ,           ,           ,           ,           ,           ,           ,           ,           ,           ,           ,           ,           
SYNDICATE BANK                      ,SYNDIBANK ,9000       ,9000       ,9000       ,           ,           ,           ,           ,           ,           ,           ,           ,           ,           ,           ,           
TORRENT POWER LTD                   ,TORNTPOWER,3000       ,3000       ,3000       ,           ,           ,           ,           ,           ,           ,           ,           ,           ,           ,           ,           
DLF LIMITED                         ,DLF       ,5000       ,5000       ,5000       ,           ,           ,           ,           ,           ,           ,           ,           ,           ,           ,           ,           
UPL LIMITED                         ,UPL       ,1200       ,1200       ,1200       ,           ,           ,           ,           ,           ,           ,           ,           ,           ,           ,           ,           
VOLTAS LTD                          ,VOLTAS    ,2000       ,2000       ,2000       ,           ,           ,           ,           ,           ,           ,           ,           ,           ,           ,           ,           
DR. REDDY'S LABORATORIES            ,DRREDDY   ,200        ,200        ,200        ,           ,           ,           ,           ,           ,           ,           ,           ,           ,           ,           ,           
ANDHRA BANK                         ,ANDHRABANK,10000      ,10000      ,10000      ,           ,           ,           ,           ,           ,           ,           ,           ,           ,           ,           ,           
BAJAJ FINANCE LIMITED               ,BAJFINANCE,500        ,500        ,500        ,           ,           ,           ,           ,           ,           ,           ,           ,           ,           ,           ,           
BANK OF INDIA                       ,BANKINDIA ,6000       ,6000       ,6000       ,           ,           ,           ,           ,           ,           ,           ,           ,           ,           ,           ,           
EXIDE INDUSTRIES LTD                ,EXIDEIND  ,4000       ,4000       ,4000       ,           ,           ,           ,           ,           ,           ,           ,           ,           ,           ,           ,           
HINDALCO  INDUSTRIES  LTD           ,HINDALCO  ,3500       ,3500       ,3500       ,           ,           ,           ,           ,           ,           ,           ,           ,           ,           ,           ,           
INDIABULLS REAL EST. LTD            ,IBREALEST ,10000      ,10000      ,10000      ,           ,           ,           ,           ,           ,           ,           ,           ,           ,           ,           ,           
CANARA BANK                         ,CANBK     ,3084       ,3084       ,3084       ,           ,           ,           ,           ,           ,           ,           ,           ,           ,           ,           ,           
THE INDIA CEMENTS LIMITED           ,INDIACEM  ,3500       ,3500       ,3500       ,           ,           ,           ,           ,           ,           ,           ,           ,           ,           ,           ,           
INDUSIND BANK LIMITED               ,INDUSINDBK,600        ,600        ,600        ,           ,           ,           ,           ,           ,           ,           ,           ,           ,           ,           ,           
JET AIRWAYS (INDIA) LTD.            ,JETAIRWAYS,1000       ,1000       ,1000       ,           ,           ,           ,           ,           ,           ,           ,           ,           ,           ,           ,           
LARSEN & TOUBRO LTD.                ,LT        ,500        ,500        ,500        ,           ,           ,           ,           ,           ,           ,           ,           ,           ,           ,           ,           
GODREJ CONSUMER PRODUCTS            ,GODREJCP  ,400        ,400        ,400        ,           ,           ,           ,           ,           ,           ,           ,           ,           ,           ,           ,           
NMDC LTD.                           ,NMDC      ,6000       ,6000       ,6000       ,           ,           ,           ,           ,           ,           ,           ,           ,           ,           ,           ,           
HDFC BANK LTD                       ,HDFCBANK  ,500        ,500        ,500        ,           ,           ,           ,           ,           ,           ,           ,           ,           ,           ,           ,           
POWER FIN CORP LTD.                 ,PFC       ,6000       ,6000       ,6000       ,           ,           ,           ,           ,           ,           ,           ,           ,           ,           ,           ,           
PIDILITE INDUSTRIES LTD             ,PIDILITIND,1000       ,1000       ,1000       ,           ,           ,           ,           ,           ,           ,           ,           ,           ,           ,           ,           
RELIANCE INFRASTRUCTU LTD           ,RELINFRA  ,1300       ,1300       ,1300       ,           ,           ,           ,           ,           ,           ,           ,           ,           ,           ,           ,           
RELIANCE POWER LTD.                 ,RPOWER    ,12000      ,12000      ,12000      ,           ,           ,           ,           ,           ,           ,           ,           ,           ,           ,           ,           
SHRIRAM TRANSPORT FIN CO.           ,SRTRANSFIN,600        ,600        ,600        ,           ,           ,           ,           ,           ,           ,           ,           ,           ,           ,           ,           
TATA GLOBAL BEVERAGES LTD           ,TATAGLOBAL,4500       ,4500       ,4500       ,           ,           ,           ,           ,           ,           ,           ,           ,           ,           ,           ,           
TATA MOTORS DVR 'A' ORD             ,TATAMTRDVR,2100       ,2100       ,2100       ,           ,           ,           ,           ,           ,           ,           ,           ,           ,           ,           ,           
TATA STEEL LIMITED                  ,TATASTEEL ,2000       ,2000       ,2000       ,           ,           ,           ,           ,           ,           ,           ,           ,           ,           ,           ,           
BHARTI INFRATEL LTD.                ,INFRATEL  ,1600       ,1600       ,1600       ,           ,           ,           ,           ,           ,           ,           ,           ,           ,           ,           ,           
TVS MOTOR COMPANY  LTD              ,TVSMOTOR  ,2000       ,2000       ,2000       ,           ,           ,           ,           ,           ,           ,           ,           ,           ,           ,           ,           
OIL AND NATURAL GAS CORP.           ,ONGC      ,3750       ,3750       ,3750       ,           ,           ,           ,           ,           ,           ,           ,           ,           ,           ,           ,           
PUNJAB NATIONAL BANK                ,PNB       ,7000       ,7000       ,7000       ,           ,           ,           ,           ,           ,           ,           ,           ,           ,           ,           ,           
STEEL AUTHORITY OF INDIA            ,SAIL      ,12000      ,12000      ,12000      ,           ,           ,           ,           ,           ,           ,           ,           ,           ,           ,           ,           
ALLAHABAD BANK                      ,ALBK      ,10000      ,10000      ,10000      ,           ,           ,           ,           ,           ,           ,           ,           ,           ,           ,           ,           
STRIDES SHASUN LIMITED              ,STAR      ,500        ,500        ,500        ,           ,           ,           ,           ,           ,           ,           ,           ,           ,           ,           ,           
BATA INDIA LTD                      ,BATAINDIA ,1100       ,1100       ,1100       ,           ,           ,           ,           ,           ,           ,           ,           ,           ,           ,           ,           
UNITED BREWERIES LTD                ,UBL       ,700        ,700        ,700        ,           ,           ,           ,           ,           ,           ,           ,           ,           ,           ,           ,           
CENTURY TEXTILES LTD                ,CENTURYTEX,1100       ,1100       ,1100       ,           ,           ,           ,           ,           ,           ,           ,           ,           ,           ,           ,           
APOLLO TYRES LTD                    ,APOLLOTYRE,3000       ,3000       ,3000       ,           ,           ,           ,           ,           ,           ,           ,           ,           ,           ,           ,           
CIPLA LTD                           ,CIPLA     ,1000       ,1000       ,1000       ,           ,           ,           ,           ,           ,           ,           ,           ,           ,           ,           ,           
HCL TECHNOLOGIES LTD                ,HCLTECH   ,700        ,700        ,700        ,           ,           ,           ,           ,           ,           ,           ,           ,           ,           ,           ,           
IDBI BANK LIMITED                   ,IDBI      ,8000       ,8000       ,8000       ,           ,           ,           ,           ,           ,           ,           ,           ,           ,           ,           ,           
JAIPRAKASH ASSOCIATES LTD           ,JPASSOCIAT,68000      ,68000      ,68000      ,           ,           ,           ,           ,           ,           ,           ,           ,           ,           ,           ,           
KPIT TECHNOLOGIES LTD               ,KPIT      ,4000       ,4000       ,4000       ,           ,           ,           ,           ,           ,           ,           ,           ,           ,           ,           ,           
TORRENT PHARMACEUTICALS L           ,TORNTPHARM,400        ,400        ,400        ,           ,           ,           ,           ,           ,           ,           ,           ,           ,           ,           ,           
TATA COMMUNICATIONS LTD             ,TATACOMM  ,1400       ,1400       ,1400       ,           ,           ,           ,           ,           ,           ,           ,           ,           ,           ,           ,           
TATA ELXSI LIMITED                  ,TATAELXSI ,400        ,400        ,400        ,           ,           ,           ,           ,           ,           ,           ,           ,           ,           ,           ,           
TATA MOTORS LIMITED                 ,TATAMOTORS,1500       ,1500       ,1500       ,           ,           ,           ,           ,           ,           ,           ,           ,           ,           ,           ,           
TATA CONSULTANCY SERV LT            ,TCS       ,250        ,250        ,250        ,           ,           ,           ,           ,           ,           ,           ,           ,           ,           ,           ,           
VEDANTA LIMITED                     ,VEDL      ,3500       ,3500       ,3500       ,           ,           ,           ,           ,           ,           ,           ,           ,           ,           ,           ,           
WIPRO LTD                           ,WIPRO     ,1200       ,1200       ,1200       ,           ,           ,           ,           ,           ,           ,           ,           ,           ,           ,           ,           
HINDUSTAN ZINC LIMITED              ,HINDZINC  ,3200       ,3200       ,3200       ,           ,           ,           ,           ,           ,           ,           ,           ,           ,           ,           ,           
CESC LTD                            ,CESC      ,1100       ,1100       ,1100       ,           ,           ,           ,           ,           ,           ,           ,           ,           ,           ,           ,           
DCB BANK LIMITED                    ,DCBBANK   ,4500       ,4500       ,4500       ,           ,           ,           ,           ,           ,           ,           ,           ,           ,           ,           ,           
GODREJ INDUSTRIES LTD               ,GODREJIND ,1500       ,1500       ,1500       ,           ,           ,           ,           ,           ,           ,           ,           ,           ,           ,           ,           
PC JEWELLER LTD                     ,PCJEWELLER,1500       ,1500       ,1500       ,           ,           ,           ,           ,           ,           ,           ,           ,           ,           ,           ,           
SRF LTD                             ,SRF       ,500        ,500        ,500        ,           ,           ,           ,           ,           ,           ,           ,           ,           ,           ,           ,           
TATA POWER CO LTD                   ,TATAPOWER ,9000       ,9000       ,9000       ,           ,           ,           ,           ,           ,           ,           ,           ,           ,           ,           ,           
YES BANK LIMITED                    ,YESBANK   ,700        ,700        ,700        ,           ,           ,           ,           ,           ,           ,           ,           ,           ,           ,           ,           
TATA CHEMICALS LTD                  ,TATACHEM  ,1500       ,1500       ,1500       ,           ,           ,           ,           ,           ,           ,           ,           ,           ,           ,           ,           
TV18 BROADCAST LIMITED              ,TV18BRDCST,17000      ,17000      ,17000      ,           ,           ,           ,           ,           ,           ,           ,           ,           ,           ,           ,           
THE SOUTH INDIAN BANK LTD           ,SOUTHBANK ,33141      ,33141      ,33141      ,           ,           ,           ,           ,           ,           ,           ,           ,           ,           ,           ,           
GMR INFRASTRUCTURE LTD.             ,GMRINFRA  ,45000      ,45000      ,45000      ,           ,           ,           ,           ,           ,           ,           ,           ,           ,           ,           ,           
